{
    "loss": 0.30620282888412476,
    "accuracy": 0.9224137663841248
}